speaker_name,website_url,talk_title,conf_name
John Lilic,https://www.johnlilic.info/,Pushing Blockchain Limits with Hardware Accelerated Provable Computation,ETH Belgrade
Solange Gueiros,https://twitter.com/solangegueiros,Unlocking blockchain frontiers with Chainlink,ETH Belgrade
Dragan Rakita,https://twitter.com/rakitadragan,Ethereum in next two years: Prague & Osaka hardforks,ETH Belgrade
Simon Emanuel Schmid,https://twitter.com/schmid_si,,ETH Belgrade
TokenBrice,https://twitter.com/TokenBrice,,ETH Belgrade
Lefteris Karapetsas,https://twitter.com/LefterisJP,,ETH Belgrade
Andrei Kirkkonen,https://twitter.com/pirunpoika,,ETH Belgrade
Mariia Yatskovska,https://twitter.com/MariiaYatskovs2,,ETH Belgrade
Francesco Andreoli,https://twitter.com/francescoswiss,MetaMask Snaps and permissionless innovation strategies,ETH Belgrade
Josselin Feist,https://twitter.com/Montyly,Introduction to fuzzing,ETH Belgrade
Rotorless,https://twitter.com/Rotorless,Is contributor group design flawed?,ETH Belgrade
gmhacker / Gonçalo Magalhães,https://twitter.com/realgmhacker,,ETH Belgrade
Akram El Milligy,https://twitter.com/liquid4teur,Connectivity between Ledger Hardware Device and Ethereum,ETH Belgrade
Nenad Palinkasevic,https://twitter.com/NPalinkasevic,,ETH Belgrade
Bogdan Habic,https://twitter.com/BogdanHabic,Security panel,ETH Belgrade
Niklas Kunkel,https://twitter.com/nomos_paradox,,ETH Belgrade
Vukasin Vukoje,https://twitter.com/wukoje,,ETH Belgrade
Igor Barinov,https://twitter.com/barinov,,ETH Belgrade
Stilyan Mitrev,https://twitter.com/fungibletaco,,ETH Belgrade
Sahil Sen,https://twitter.com/sensahil,,ETH Belgrade
adcv,https://twitter.com/adcv_,,ETH Belgrade
Vukasin Gostovic / makemake,https://twitter.com/makemake_kbo,,ETH Belgrade
Luka Isailovic,https://twitter.com/lukaisailovic,,ETH Belgrade
Abena Asante,https://twitter.com/abena_eth,,ETH Belgrade
Primoz Kordez,https://twitter.com/PrimozKordez,,ETH Belgrade
Simeon Kotashki,https://twitter.com/blockdegenfren,,ETH Belgrade
Jelena Djuric,https://www.linkedin.com/in/djuricjelena,Solving native asset issuance in a modular ecosystem,ETH Belgrade
Brenda Loya,https://twitter.com/JustBrendax,Security panel,ETH Belgrade
Brenda Loya,https://twitter.com/JustBrendax,Tellor Layer: Decentralized Oracles for the Next Era,ETH Belgrade
Bojan,https://twitter.com/bjnpck,,ETH Belgrade
Viraz Malhotra,https://twitter.com/Viraz04,,ETH Belgrade
definikola,https://twitter.com/definikola,,ETH Belgrade
Najdana Majors,https://twitter.com/najdana_m,Crafting the Blueprint: Building an Engaged DAO,ETH Belgrade
engn33r,https://twitter.com/bl4ckb1rd71,Security Not Priced In: Security Footguns of Price Data,ETH Belgrade
James Corbett,https://twitter.com/l__c__m,,ETH Belgrade
Matej Janez,https://twitter.com/matejanez,,ETH Belgrade
Rami Khalil,https://twitter.com/hashcashier,,ETH Belgrade
Yehor Balytskyi,https://twitter.com/turbofakesmile,Systematic security approach for blockchain-based software,ETH Belgrade
Daniela Zschaber,https://twitter.com/danimimm,,ETH Belgrade
Tadeo,,,ETH Belgrade
Ilija Rilakovic,https://twitter.com/LawyerWooden,,ETH Belgrade
Mladen Milankovic,https://twitter.com/mladenmilankovi,,ETH Belgrade
Cathie So,https://twitter.com/drCathieSo_eth,,ETH Belgrade
Andreea Cia,https://twitter.com/iandreeacia,Geopolitics unchained: exploring web3’s global impact,ETH Belgrade
Jimmy Zhao,https://twitter.com/bnbchain,,ETH Belgrade
Petar Atanasovski,https://twitter.com/AtanasovskiP,,ETH Belgrade
Jakub Jaworski,https://twitter.com/0xjvrsky,RaaS <> Oracles: How do they interact,ETH Belgrade
Marija Mikic,,,ETH Belgrade
Alex Mukhin,https://twitter.com/alex__mcl,,ETH Belgrade
James Glasscock,https://twitter.com/0xJMG,,ETH Belgrade
Cyrille,https://twitter.com/cyrille_briere,,ETH Belgrade
Andrija Novakovic,,,ETH Belgrade
Michael Halepas,https://twitter.com/MikeHalepas,,ETH Belgrade
Ben Biedermann,https://twitter.com/b3nedictvs,,ETH Belgrade
Marijo Radman,https://twitter.com/marijo_radman,,ETH Belgrade
Sundaram Jha,https://twitter.com/exxyzee,,ETH Belgrade
Lazar Bucan,https://twitter.com/0xlazar,Find any Smart Contract with Cookbook.dev,ETH Belgrade
Vladislav Sopov,https://twitter.com/VanceWood18,Beyond RPC endpoints: Add-ons and extra services for blockchain APIs in 2024,ETH Belgrade
Pavel Fedotov,https://twitter.com/pfedprog,,ETH Belgrade
Simon Engel,https://twitter.com/Engel_Simon,,ETH Belgrade
Petr Korolev,https://twitter.com/skywinder,,ETH Belgrade
Denis Vuckovac,https://twitter.com/dnsvckvc,,ETH Belgrade
Dayana Aleksandrova,https://twitter.com/dee_centralized,,ETH Belgrade
James Rae,https://twitter.com/jayrae21212,,ETH Belgrade
Damian Rusinek,https://twitter.com/drdr_zz,DeFi Security Secrets of Uniswap V4: A Deep Dive into Hooks Security,ETH Belgrade
Vyara Savova,https://twitter.com/vyarasavova,,ETH Belgrade
Figue,https://twitter.com/Figue_me,,ETH Belgrade
Emir Kurtovic,https://twitter.com/kurtovicemir,,ETH Belgrade
Rastko Misulic,https://twitter.com/rmisulic,Huff low level stuff,ETH Belgrade
Armin Bosto,https://twitter.com/vanbossto,,ETH Belgrade
Ilya Koshelev,https://twitter.com/gotbit_io,,ETH Belgrade
Srdjan Vukmirovic,https://twitter.com/SrdjanVukmirovi,,ETH Belgrade
Jacob Haap,https://twitter.com/jacobhaap,,ETH Belgrade
Hubert Kotliński,https://twitter.com/hubkotl,,ETH Belgrade
Jason Smythe,https://twitter.com/jasoonsmythe,,ETH Belgrade
Aleksei Babenkov,,Intro to DEX Arbitrage: Algorithms & Math,ETH Belgrade
Daniel Sobol,,,ETH Belgrade
Sergei Tikhomirov,https://twitter.com/serg_tikhomirov,,ETH Belgrade
Ilja Zakharov,https://twitter.com/ZakharovIlja,"Universal, scalable and trustless verifiable computing",ETH Belgrade
Roman Kolpakov,https://twitter.com/rkolpakov_,Treasury management or how to do stonks when you are DAO,ETH Belgrade
Özgür Armanc Yiğit,,,ETH Belgrade
Igor Gulamov,https://twitter.com/igorgulamov,,ETH Belgrade
Wayne Marcel,https://twitter.com/blockchaynwayne,,ETH Belgrade
Edi Sinovcic,https://twitter.com/edisinovcic,,ETH Belgrade
Konstantin Molodykh,https://twitter.com/0xMolodykh,,ETH Belgrade
Glovin,https://twitter.com/Glovin_,,ETH Belgrade
Markus B.,https://twitter.com/seliqui_at,,ETH Belgrade
Anirudha Bose,https://twitter.com/onybose,Wallet OpSec for the pragmatic,ETH Belgrade
Raoul Schaffranek,https://twitter.com/RaoulSaffron,Solidity Debugging meets Formal Methods,ETH Belgrade
Branimir Rakic,https://twitter.com/branarakic,Decentralized RAG framework enabling the Verifiable Internet for AI,ETH Belgrade
Pietro Carta,https://twitter.com/ptrcarta,What you need to know before deploying on L2s,ETH Belgrade
Pietro Carta,https://twitter.com/ptrcarta,Security panel,ETH Belgrade
Artem Dubinin,https://twitter.com/artem_mighty,,ETH Belgrade
Pavle Krivokuca,,,ETH Belgrade
Evgeny Ponomarev,https://twitter.com/eponomarev,,ETH Belgrade
Kimberly Rowland,,,ETH Belgrade
0xmikko,https://twitter.com/0xmikko_eth,,ETH Belgrade
Claire Kart,https://twitter.com/clairekart,F*ck Memes: Foundational Marketing Templates for Early Stage Founders,ETH Belgrade
Sam Richards,https://twitter.com/samonchain,The Promise of Blockchain Voting,ETH Belgrade
Noah Jelich,https://twitter.com/NoahJelich,,ETH Belgrade
Marko Jurina,https://twitter.com/zord4n,"Crypto points: Identity, incentives and you",ETH Belgrade
Swapnil Raj,https://twitter.com/swp0x0,,ETH Belgrade
Kirill Fedoseev,https://x.com/k1rill_fedoseev,,ETH Belgrade
Nebojša Urošević,,,ETH Belgrade
Timo Lehes,https://twitter.com/timolehes,,ETH Belgrade
Nenad Vitorovic,https://twitter.com/nenadvitt,,ETH Belgrade
Aleksandar Matanović,,,ETH Belgrade
Morana Vukić Perak,,,ETH Belgrade
Nemanja Nedic,https://twitter.com/NemanjaNedic_,,ETH Belgrade
Emilija Vuković,,,ETH Belgrade
Alberto Garoffolo,,A Decentralized Protocol for Scaling SNARKs Verification in Blockchains,ETH Belgrade
Brad Harrison,,Resilient oracles: enhancing economic security with multiple price feeds,ETH Belgrade
Nikita Savik,,The evolution of blockchain explorers to meet the diverse needs of web3 users.,ETH Belgrade
Alexey Pyshnenko,,How to DAO: Strategies for Resilient Decentralized Governance,ETH Belgrade
Nikola Mandic,,Scaling Up Without Breaking the Bank: Polkadot's Secret Weapon,ETH Belgrade
Vukasin Gostovic,,"There is no undefined, I own you, writing high performance Rust",ETH Belgrade
Brad Harrison,,Security panel,ETH Belgrade
Emilie Raffo,,Security panel,ETH Belgrade
Nikola Mandic,,Scaling Up Without Breaking the Bank: Polkadot's Secret Weapon,ETH Belgrade
Fatemeh Fannizadeh,,We need Censorships,ETH Berlin
Nick Almond,,Building for Big V Value,ETH Berlin
Peter van Valkenburg,,Are there limits to the reach of US Sanctions laws?,ETH Berlin
Austin Griffith,,Technical Workshop: Build an Ethereum dApp in 40 mins,ETH Berlin
Pedro Gomes,,Technical Workshop: Re-inventing login with Sign-in-with-Ethereum,ETH Berlin
Tino Breddin,,Technical Workshop: Integrating RPCh in your Dapp to privately connect to RPC endpoints,ETH Berlin
Sergei Tikhomirov,,Technical Workshop: Secure communications with Waku,ETH Berlin
Odysseas,,Technical Workshop: ZK vs TEE: What do (as a product builder)?,ETH Berlin
GregTheGreek,,Technical Workshop: ZK vs TEE: What do (as a product builder)?,ETH Berlin
Richard Liu,,Technical Workshop: How to add ZKPs to your app (with Zupass)?,ETH Berlin
Ivan Chub,,Technical Workshop: How to add ZKPs to your app (with Zupass)?,ETH Berlin
Kat,,Ethevacuations: Crypto in a humanitarian crisis,ETH Berlin
Joshua Dávila,,Ethevacuations: Crypto in a humanitarian crisis,ETH Berlin
Christopher Goes,,Information flow control a.k.a. privacy is not the concept your are looking for,ETH Berlin
Edmund Edgar,,"Anarchy, Truth and Justice",ETH Berlin
Puja Ohlhaver,,The Silent Strings of Proof of Personhood,ETH Berlin
Mikhail Nikulin,,The Silent Strings of Proof of Personhood,ETH Berlin
Ameen Soleimani,,The Fight for Privacy,ETH Berlin
Matthew Hodgson,,The Challenge of Decentralised Communication,ETH Berlin
Marek Olszewski,https://twitter.com/marek_,,ETH Warsaw
dapplion,https://twitter.com/dapplion,,ETH Warsaw
Jan Gorzny,https://twitter.com/jgorzny,,ETH Warsaw
Kevin Jones,https://twitter.com/CryptoMastery_,,ETH Warsaw
Rachel Conlan,,,ETH Warsaw
Lukasz Stoczynski,https://twitter.com/stoczek_eth,,ETH Warsaw
Dmitry Chernukhin,https://twitter.com/chtotonet,,ETH Warsaw
Anastasia Melachrinos,https://twitter.com/0xAnastasiaMel,,ETH Warsaw
Szymon Sypniewicz,https://twitter.com/szymsypniewicz,,ETH Warsaw
Mark Richardson,https://twitter.com/MBRichardson87,,ETH Warsaw
Angus Tookey,https://twitter.com/angustookey,,ETH Warsaw
Paulina Joskow,https://twitter.com/juchenek,,ETH Warsaw
Marcin Kaźmierczak,https://twitter.com/Marcin_Kaz13,,ETH Warsaw
Muhammed Tanrikulu,https://twitter.com/md_tanrikulu,,ETH Warsaw
Joanna frota Kurkowska,https://twitter.com/frotograf,,ETH Warsaw
blue clarity,https://x.com/blueclarityone,,ETH Milano
max lomuscio,https://x.com/maxlomu,,ETH Milano
Lukasz Stoczynski,https://x.com/stoczek_eth,,ETH Milano
markus franke,https://twitter.com/MarkusMento,,ETH Milano
Niklas Kunkel,https://twitter.com/nomos_paradox,,ETH Milano
DEFI DAVE,https://x.com/DeFiDave22,,ETH Milano
0xApollo,http://x.com/0xApolloFi,,ETH Milano
Britalian,https://x.com/CryptoBritalian,,ETH Milano
Shady El Damaty,https://twitter.com/hebbianloop,,ETH Milano
AARUSHI,https://x.com/0x_lxmi,,ETH Milano
Marco Severi,https://x.com/Marcoseveri93,,ETH Milano
Leo Manfrini,https://x.com/leomanfrini,,ETH Milano
Maria Magenes,https://x.com/mariamagenes1,,ETH Milano
Marco Castignoli,,,ETH Milano
Oxytocin,https://x.com/Ytocin_,,ETH Milano
darren camas,https://twitter.com/darrencamas,,ETH Milano
Francesco Britti,https://x.com/IYouhodler,,ETH Milano
Johnny Chin,https://x.com/samclamdisco,,ETH Milano
samuele raimondo,https://www.linkedin.com/in/samueleraimondo98/,,ETH Milano
antonio seveso,https://x.com/0xMeTony,,ETH Milano
Vitali Dervoed,http://x.com/dervoiedk,,ETH Milano
aliya das gupta,https://www.linkedin.com/in/aliya-das-gupta/,,ETH Milano
lazar bucan,https://x.com/0xeleazar,,ETH Milano
Dan Ugolini,https://x.com/DanDeFiEd,,ETH Milano
massimo siano,https://www.linkedin.com/in/massimo-siano-1136b529/,,ETH Milano
niccolo bardoscia,https://twitter.com/nbardoscia,,ETH Milano
fabio pezzotti,,,ETH Milano
Lisa Tyshchenko,https://www.linkedin.com/in/lisatyshchenko/,,ETH Milano
Federico Variola,https://x.com/Federico0x,,ETH Milano
MICHELA SILVESTRI,https://x.com/MichelaSilvestr,,ETH Milano
Fabian Vogelsteller,https://x.com/feindura/,,ETH Milano
dan,https://x.com/TheWavexyz,,ETH Milano
francesco vincenti,https://x.com/fravincenti1,,ETH Milano
jason dominique,https://x.com/defi_jason,,ETH Milano
ozzy,http://x.com/meetg0d,,ETH Milano
Bruno Skvorc,http://x.com/meetg0d,,ETH Milano
CHIARA EL RIKABI,https://www.linkedin.com/in/chiara-el-rikabi-684b7a2a/,,ETH Milano
MORTEZA Shahini,https://x.com/Mortiz_Shahini,,ETH Milano
SOE Haghighi,https://x.com/SoeHaghighi,,ETH Milano
GIORGIO GIULIANI,http://x.com/ggglni,,ETH Milano
EMANUELE ROSSI,https://x.com/emanueleUSDM,,ETH Milano
BUSE KAYA,https://x.com/bbusekay,,ETH Milano
ABEL,https://x.com/AbeTheApe0x,,ETH Milano
PIERGIACOMO PALMISANI,https://x.com/Pigi_Pal,,ETH Milano
Przemysław Kral,https://ee.linkedin.com/in/przemyslaw-kral,,ETH Milano
Karolina Gwóźdź,https://ee.linkedin.com/in/przemyslaw-kral,,ETH Milano
Matthieu Gavaudan,https://x.com/MLGavaudan,,ETH Milano
Oliver Slapal,http://x.com/ol1ks,,ETH Milano
vincenzo rana,https://www.linkedin.com/in/vincenzo-rana/,,ETH Milano
Ashutos Sahoo,https://x.com/Ashutosh_Sahoo,,ETH Milano
Riccardo Goldoni,https://x.com/_rgoldoni,,ETH Milano
Robert Fontaine,https://twitter.com/rob_font,,ETH Milano
philipp pieper,https://x.com/PhilippPieper?s=09,,ETH Milano
laura pan,http://x.com/profpan_,,ETH Milano
andrea muttoni,,,ETH Milano
paolo fortelli,https://x.com/0xCerberus,,ETH Milano
andrei duma,https://x.com/0xCerberus,,ETH Milano
kat daminova,https://www.linkedin.com/in/ekaterina-daminova-89ba705a/?originalSubdomain=uk,,ETH Milano
Yosui Harasawa,,,ETH Milano
Alessandra Brandi,https://x.com/niftynaples?t=hQSGX3McewjQFWs-UffHOg&s=09,,NapoliETH
Alessandro Brigato,https://x.com/Bridge984,,NapoliETH
Americo Cacciapuoti,https://twitter.com/italiancollecto,,NapoliETH
Andrea Marsili,https://x.com/andreamars_,Eth Community Panel,NapoliETH
Andrea Paulillo,http://www.eloop.it/,Defi Workshop,NapoliETH
Andreea Cia,https://twitter.com/iandreeacia,Eth Community Panel,NapoliETH
Antonio Ramicello,https://x.com/Antonio_Chaser,,NapoliETH
Bock,https://x.com/bockus,Algorithmic Risk Pricing: Keeping yourself safe in the ecosystem,NapoliETH
Bruno Miranda,https://twitter.com/chilibangs,The Power of Web3 and how you Need to Drive your Community,NapoliETH
Carlo Parisi,https://x.com/ManInBlackie,,NapoliETH
Christian Santagata,https://twitter.com/christian_defi,,NapoliETH
Cosimo Palma,https://palma.partners/,Smart Contract and Blockchain in the European Legal Space,NapoliETH
cryptocuty,https://x.com/cryptocuty,,NapoliETH
Damian Rusinek,https://x.com/drdr_zz,Secrets of Uniswap V4: A Deep Dive into Hooks Security,NapoliETH
Daniele Palombi,https://x.com/dpl0a,,NapoliETH
Daniele Pinna,https://x.com/pestopoppa,,NapoliETH
David Carvalho,https://www.linkedin.com/in/david-joao-vieira-carvalho-4479b8103/,,NapoliETH
Davide Carboni,https://x.com/digitaldavide,Facts and Figures about Web3 Security: Where Do We Stand?,NapoliETH
Davide Ghezzi,https://www.linkedin.com/in/davide-ghezzi-blockchain-web3/,,NapoliETH
Davide Milani,https://www.chainlabo.com/,Solo Staking is Dead? Crypto Passive Incomes.,NapoliETH
Dayana Aleksandrova,https://twitter.com/dee_centralized,Web3 Marketing: How Projects can Leverage the Hourglass,NapoliETH
Edoardo Degli Innocenti,https://www.linkedin.com/in/edoardodegliinnocenti/,,NapoliETH
Elio Barbera,http://www.caffebarbera.com,,NapoliETH
Fabrizio Maiocco,https://www.linkedin.com/in/fabrizio-maiocco-8b09571b/,,NapoliETH
Federico Costa,https://x.com/CedericoFosta,,NapoliETH
Filippo Chiricozzi,https://www.linkedin.com/in/filippochiricozzi?utm_source=share&utm_campaign=share_via&utm_content=profile&utm_medium=ios_app,,NapoliETH
Filippo Moraschi,https://x.com/f_moraschi,,NapoliETH
Francesco Bianchi,https://x.com/mariamagenes1,,NapoliETH
Francesco Britti,http://www.youhodler.com/it,,NapoliETH
Francesco Fontana,https://linkedin.com/in/francesco-fontana,,NapoliETH
Francesco Vincenti,https://x.com/fravincenti1,Digitalia: Starting the Network State in Italy,NapoliETH
Gavin Thomas,https://x.com/Gavin_Chain,,NapoliETH
Gianfranco Leone,https://b3yond.io/,Web3 for Education and Recruiting,NapoliETH
Gianluca Di Bella,https://www.linkedin.com/in/gdbmoodglobalservices?utm_source=share&utm_campaign=share_via&utm_content=profile&utm_medium=ios_app,ERC-7007: Verifiable AI-Generated Content Token,NapoliETH
Hemilly Rodrigues,https://linktr.ee/thebitblond,,NapoliETH
Isola,https://hgvis.io/,,NapoliETH
Ivan Bjelajac,https://x.com/instantfinality,,NapoliETH
James Rae,https://twitter.com/jayrae21212,Web3 Marketing: Strategies for B2B and B2C in the Decentralized Era,NapoliETH
John Lilic,https://x.com/ChiefOfTelos,Unlocking the Code: Breaking Barriers with Tech Education for Women in Afghanistan,NapoliETH
Julie Bettens,https://x.com/0xbbjubjub,,NapoliETH
Lazar Bucan,http://twitter.com/0xeleazar,,NapoliETH
limone.eth,https://x.com/limone_eth,Social Media Protocols: Why Decentralization Matters in Social Networks,NapoliETH
limone.eth,https://x.com/limone_eth,Eth Community Panel,NapoliETH
Lorenzo Amoroso,https://www.linkedin.com/in/lorenzo-amoroso-aa15261b6/,,NapoliETH
Lorenzo Rigatti,https://www.linkedin.com/in/lorenzo-rigatti-1a317994/,,NapoliETH
Luca Boiardi,https://thecryptogateway.it/,,NapoliETH
Luigi Senese,https://www.linkedin.com/in/luigi-senese/,,NapoliETH
Malek Almsaddi,https://twitter.com/invtrondao,,NapoliETH
Marco Castignoli,https://twitter.com/castignolimarco,Introducing the Verifier Alliance,NapoliETH
Marco T. Giordano,https://twitter.com/emmetiggi,,NapoliETH
Marek Kowalski,https://x.com/mkowalski_,What to do when tx Reverts and the Revert Reason is Swallowed,NapoliETH
Maria Magenes,https://x.com/mariamagenes1,,NapoliETH
Mario Giovanni Figlioli,https://twitter.com/invtrondao,,NapoliETH
Mark Richardson,https://twitter.com/MBRichardson87,DeFi Exchange Protocols 101: Precision and Accuracy in Fixed-Point Arithmetic,NapoliETH
Martin Leclerq,https://x.com/martinlecl,,NapoliETH
Matteo Tambussi,http://www.twitter.com/ornellaweb3,Decentralized Media: Stack Convergence for a Product,NapoliETH
Matteo Tambussi,http://www.twitter.com/ornellaweb3,Eth Community Panel,NapoliETH
Michele Iaselli,https://twitter.com/infomicheleias1,Privacy e blockchain: connubio difficile ma possibile,NapoliETH
Michele Lotta,https://www.linkedin.com/in/michele-lotta?utm_source=share&utm_campaign=share_via&utm_content=profile&utm_medium=ios_app,,NapoliETH
Miro Radenovic,https://www.linkedin.com/in/miroradenovic/,,NapoliETH
Morteza Shahini,https://x.com/Mortiz_Shahini,,NapoliETH
Ornella Vallana,http://www.twitter.com/ornellaweb3,Education & Public Goods in the Ethereum Ecosystem,NapoliETH
Paolo Schiattarella,https://www.linkedin.com/in/paoloschiattarella/,Napoli Blockchain introduction,NapoliETH
Philipp Pieper,https://twitter.com/PhilippPieper,,NapoliETH
Philipp Zahn,https://www.philipp-zahn.com/,,NapoliETH
Piera Di Stefano,https://www.linkedin.com/in/piera-di-stefano/,"Mamma, ho Perso la Chiave Privata",NapoliETH
Pietro Rossetto,https://www.linkedin.com/in/pietro-rossetto-lawtech/,,NapoliETH
Qi Zhou,https://x.com/qc_qizhou,Building a Modular Storage Layer for Ethereum on EIP-4844,NapoliETH
QJ,https://x.com/QJ_ECF,ECF Pensieve Mechanism,NapoliETH
Rosario Napolano,https://www.linkedin.com/in/napolano-rosario-94ab5a7b?utm_source=share&utm_campaign=share_via&utm_content=profile&utm_medium=ios_app,,NapoliETH
Sara Noggler,https://twitter.com/nogglersara?lang=en,,NapoliETH
Silvio Ventre,https://www.linkedin.com/in/silvio-ventre/,,NapoliETH
Stefano De Angelis,https://twitter.com/_deanstef,Havoc Network: how to spot consensus bugs in large-scale decentralised infrastructures,NapoliETH
Stefano De Masi,https://m.youtube.com/@Stefano.Demasi,,NapoliETH
Stefano Gogioso,https://x.com/StefanoGogioso,,NapoliETH
Sundaram Jha,https://twitter.com/exxyzee,,NapoliETH
Valentina Marzioni,https://x.com/ladyinfinance,,NapoliETH
Vanina Ivanova,https://twitter.com/inks,Trust-Driven Web3 Marketing: Security Audits as a Marketing Tactic,NapoliETH
Viktor,https://x.com/s0meone_u_know,,NapoliETH
Vincenzo Rana,https://it.linkedin.com/in/vincenzo-rana,"Mamma, ho Perso la Chiave Privata",NapoliETH
Vladyslav Dudchenko,http://www.linkedin.com/in/vladyslav-dudchenko-b0b729227,,NapoliETH
William Nonnis,https://twitter.com/William_Nonnis,Blockchain e Cybersecurity nella Pubblica Amminsitrazione,NapoliETH
NapulETH,,Opening,NapoliETH
Suning Yao,,Protocol Asset and Sovereign Token,NapoliETH
Marco Tullio Giordano,,"Mamma, ho Perso la Chiave Privata",NapoliETH
Victor Tamer,,Web3 Marketing: Strategies for B2B and B2C in the Decentralized Era,NapoliETH
Lorenzo Ceppaluni,,ERC-7007: Verifiable AI-Generated Content Token,NapoliETH
Vitalik,https://vitalik.eth.limo/,,ETH Tokyo
Audrey Tang,https://twitter.com/audreyt,,ETH Tokyo
Aya Miyaguchi,https://twitter.com/AyaMiyagotchi/,,ETH Tokyo
Péter Szilágyi,https://twitter.com/peter_szilagyi/,,ETH Tokyo
Tomo Saito,https://twitter.com/tomosaito,,ETH Tokyo
Kolby Moroz Liebl,https://x.com/Kolby_ML,,ETH Tokyo
yuroitaki,https://x.com/yuroitaki,,ETH Tokyo
Tomasz Stańczak,https://twitter.com/tkstanczak,,ETH Tokyo
Rena OBrien,https://www.linkedin.com/in/renaobrien/,,ETH Tokyo
Joseph Schiarizzi,http://twitter.com/cupojoseph,,ETH Tokyo
Francesco Andreoli,https://www.francesco-andreoli.com/,,ETH Tokyo
Melisa Kurtcan,https://www.linkedin.com/in/melissa-kurtcan-81b20115a,,ETH Tokyo
Naim Ashhab,https://twitter.com/ashhanai,,ETH Tokyo
Leona Hioki,https://twitter.com/HiokiLeona,,ETH Tokyo
Yosui Harasawa,https://twitter.com/y0su1,,ETH Tokyo
Guru,https://x.com/hackyguru,,ETH Tokyo
Moazzam Arif,https://www.linkedin.com/in/moazzam-arif/,,ETH Tokyo
Deli Gong,https://x.com/deligong,,ETH Tokyo
Chua Zheng Long,https://x.com/melynx,,ETH Tokyo
Qi Zhou,https://www.linkedin.com/in/qi-zhou-9a668715/,,ETH Tokyo
Anjali Young,https://x.com/damaderoca,,ETH Tokyo
Louie Oconnor,https://x.com/lou3ee,,ETH Tokyo
Jehyuk Jang,http://linkedin.com/in/jehyuk-jang-a882062ba,,ETH Tokyo
Suhyeon Lee,https://suhyeonlee.xyz,,ETH Tokyo
Sujith Somraaj,https://www.sujithsomraaj.xyz/,,ETH Tokyo
Edmund Edgar,https://twitter.com/edmundedgar/,,ETH Tokyo
Shogo Ochiai,https://twitter.com/_sgtn/,,ETH Tokyo
Aggre,https://twitter.com/aggre_,,ETH Tokyo
Piyush Gururani,https://www.linkedin.com/in/gururani/,,ETH Tokyo
Abhimanyu Nag,https://www.linkedin.com/in/abhimanyu-nag-682747201,,ETH Tokyo
Jongwon Park,https://twitter.com/jwpark02,,ETH Tokyo
Qiang Zhu,https://www.linkedin.com/in/qiang-zhu-3a716731/,,ETH Tokyo
Philip Pieper,https://twitter.com/PhilippPieper,,ETH Tokyo
Nikhil Mahana,https://x.com/nikhil_mahana/,,ETH Tokyo
Vlad Svitanko,https://www.linkedin.com/in/vlad-svitanko/,,ETH Tokyo
Frisco dAnconia,https://x.com/CryptoTraveler1,,ETH Tokyo
Allen Joseph,https://x.com/allenjosephaj,,ETH Tokyo
Josh Guha,https://joshguha.xyz/,,ETH Tokyo
James He,https://x.com/jameshe_eth,,ETH Tokyo
Varun Doshi,https://x.com/Varunx10,,ETH Tokyo
Sammi Shu,https://www.linkedin.com/in/sammi-shu-aab68084/,,ETH Tokyo
Nils Pihl,https://x.com/broodsugar,,ETH Tokyo
Danger Zhang,http://todayindefi.com/,,ETH Tokyo
Yuki Yuminaga,https://twitter.com/ballsyalchemist,,ETH Tokyo
Daniel Hwang,https://twitter.com/danhwang88,,ETH Tokyo
Matthew Liu,https://www.linkedin.com/in/matthew-liu-profile,,ETH Tokyo
Samuel Chong,https://linktr.ee/stakesaurus/,,ETH Tokyo
Nabiha Sheikh,https://twitter.com/Nabihas4/,,ETH Tokyo
Rohit Ramesh,https://x.com/Rohit7101,,ETH Tokyo
Ryo Komiyama,https://x.com/ryoheikomy,,ETH Tokyo
Taka,https://x.com/Web3domcome,,ETH Tokyo
Kazuma Tamura,https://www.linkedin.com/in/kazuma-tamura-0a38b916a/,,ETH Tokyo
Glen Weyl,https://twitter.com/glenweyl,Digital Identity,BlockSplit
Glen Weyl,https://twitter.com/glenweyl,Digital Diplomacy and Democracy,BlockSplit
Glen Weyl,https://twitter.com/glenweyl,Privacy and Property: what is privacy in a digital age?,BlockSplit
Audrey Tang,https://twitter.com/audreyt,Fireside chat,BlockSplit
Audrey Tang,https://twitter.com/audreyt,Privacy and Property: what is privacy in a digital age?,BlockSplit
Vlaho Hrdalo,https://www.linkedin.com/in/vlaho-hrdalo/,Digital Diplomacy and Democracy,BlockSplit
Vlaho Hrdalo,https://www.linkedin.com/in/vlaho-hrdalo/,Privacy and Property: what is privacy in a digital age?,BlockSplit
Vlaho Hrdalo,https://www.linkedin.com/in/vlaho-hrdalo/,Startup competition awards ceremony,BlockSplit
Shirly Valge,https://twitter.com/ShirlyValge,Why privacy is needed in web3 in the growing trend of GDPR and data protection.,BlockSplit
Antonio Perić-Mažar,https://twitter.com/antonioperic,Fireside chat,BlockSplit
Antonio Perić-Mažar,https://twitter.com/antonioperic,Payments in eCommerce : traditional and web3,BlockSplit
Antonio Perić-Mažar,https://twitter.com/antonioperic,Startup competition awards ceremony,BlockSplit
Nikola Škorić,https://twitter.com/nskoric,Vox Populi: Your Unsolicited Opinions on Brands & Web3 by IAB Croatia,BlockSplit
Nikola Škorić,https://twitter.com/nskoric,Payments in eCommerce : traditional and web3,BlockSplit
Joshua Bate,https://twitter.com/jb87ua,"Proof of Knowledge: haikus, AI and vector databases",BlockSplit
Petar Atanasovski,https://www.linkedin.com/in/petaratanasovski/,Collaborative Investments – Can DAOs shape the fundraising future,BlockSplit
Doo Wan Nam,https://twitter.com/DooWanNam,DAO governance models,BlockSplit
Doo Wan Nam,https://twitter.com/DooWanNam,DAOs and Dramas,BlockSplit
Clément Lesaege,https://twitter.com/clesaege,"Seer, a next generation prediction market.",BlockSplit
Clément Lesaege,https://twitter.com/clesaege,Introduction to Game Theory for Blockchain,BlockSplit
Belma Gutlic,https://www.linkedin.com/in/belmagutlic/,"Open Source, Open Possibilities: My Journey Through Web3 Startup Exit",BlockSplit
Belma Gutlic,https://www.linkedin.com/in/belmagutlic/,Account Abstraction: Evolution of account ownership on Ethereum,BlockSplit
Francesco Sarcone,https://www.linkedin.com/in/sarco/,The Sound of Pasta as an NFT,BlockSplit
Eugen Družin,https://linkedin.com/in/edruzin,"Gas fees below 1c, what is behind EIP-4844?",BlockSplit
Devansh Mehta,https://www.linkedin.com/in/devansh-mehta-670192109/,Decentralized Outcome Funding for Investigative Reporting,BlockSplit
Devansh Mehta,https://www.linkedin.com/in/devansh-mehta-670192109/,Decentralized Outcome Funding for Investigative Reporting,BlockSplit
Karla Krmpotić,,Why Croatia Is Becoming the Place to Register a Crypto Business in the EU,BlockSplit
Jakov Buratović,,"Restaking hype, fact or fiction",BlockSplit
Michal Baštář,,Payments in eCommerce : traditional and web3,BlockSplit
Mislav Javor,,Account Abstraction: Evolution of account ownership on Ethereum,BlockSplit
Ahmed Al-Balaghi,,Account Abstraction: Evolution of account ownership on Ethereum,BlockSplit
Brad Harrison,,"Restaking hype, fact or fiction",BlockSplit
Kresimir Končić,,Payments in eCommerce : traditional and web3,BlockSplit
Domagoj-Ante Sulic,https://www.linkedin.com/company/global-dodo-entertainment/,Croatian Success Story: Strike Protocol by GDE + Koopi,BlockSplit
Filip Rogalski,https://twitter.com/Hundert1000/,Rollup as a service and Oracles: How do they interact?,BlockSplit
Alen Mestrov,https://nearbalkans.org/,Unifying Web3 with Chain Abstraction and NEAR Protocol,BlockSplit
Krzysztof Gogol,https://twitter.com/krzysgogol,,BlockSplit
Raul Calvo,https://twitter.com/0xRaul0x,,BlockSplit
Friederike Kleinfercher,https://www.linkedin.com/in/friederike-kleinfercher-50459a169/,Exploring Decentralized Science: A New Frontier for Blockchain Technology,BlockSplit
Albert Anis,https://twitter.com/thealbertanis,Fixing the climate faster with DeSci+Bio,BlockSplit
Boris Nachtsheim,https://www.linkedin.com/in/boris-j-nachtsheim-933479244/,Smooth Routes to Disruptive Innovation in Scientific Publishing,BlockSplit
Robert Ilijas,https://www.linkedin.com/in/robert-ilijas-5a00705/,,BlockSplit
Florian Le Goff,https://twitter.com/0xAnimaniac,,BlockSplit
Milica Vulić,https://linkedin.com/in/0xmilica/,Think like a ZK circuit – Circom workshop,BlockSplit
Marek Kowalski,https://linkedin.com/in/marek-kowalski-797a438/,What to do when tx reverts and the revert reason is swallowed?,BlockSplit
Irena Soljic,https://linkedin.com/in/irenasoljic/,Blockchain in the Food Industry,BlockSplit
Kamil Jankowski,https://twitter.com/xdrknzz,,BlockSplit
Tomasz Rejowski,https://linkedin.com/in/tomasz-rejowski-7b2975134/,,BlockSplit
Ilya Volkov,https://www.linkedin.com/in/ilya-volkov-b4077b28/,Web3 Banking: How traditional banks can contribute to the mass adoption of crypto.,BlockSplit
Grant Blaisdell,https://linkedin.com/in/ilya-volkov-b4077b28/,Croatia to the Moon…literally: How Tokenizing Space Assets Fuels Solutions for Earth,BlockSplit
Artem Brazhnikov,https://www.linkedin.com/in/0xartem/,Degens & Dragons: A Path to Sustainable Public Goods Funding,BlockSplit
Marin Tvrdić,,"Restaking hype, fact or fiction",BlockSplit
Paula Vulić,https://www.linkedin.com/in/paula-vuli%C4%87-22b841227/,Web3 Marketing: Striking a Balance between Degen Culture and Professionalism,BlockSplit
Polina Aladina,https://twitter.com/Polycarpik,How far are we from data dystopia?,BlockSplit
Marija Mikić,https://www.linkedin.com/in/marija-miki%C4%87-878842a2/,Zero Knowledge Proofs – Theory,BlockSplit
Marija Mikić,https://www.linkedin.com/in/marija-miki%C4%87-878842a2/,RLWE and FHE Stealth address Protocols,BlockSplit
Dejan Radić,https://twitter.com/dejanradicme,MPC beyond Custody Applications,BlockSplit
Thomas Tumosa,https://twitter.com/thomukas1,Let’s cook up a web3 game on Godot engine!,BlockSplit
David Dal Busco,https://twitter.com/daviddalbusco,Learn to build dApps at lightning speed,BlockSplit
Soumaya Erradi,https://twitter.com/sumy92,Testing Web3 applications,BlockSplit
Sylvia Sanchez,https://twitter.com/SylviaSanchez33,Blockchain Policy Principles,BlockSplit
Armin Konjalic,https://twitter.com/vanBossto,Mass-adoption of cryptocurrencies,BlockSplit
Marijo Radman,https://twitter.com/Marijo_Radman,"Navigating the Complexities of Restaking in Web3: Risks, Impacts, and Mitigation Strategies",BlockSplit
Anna Kaic,https://twitter.com/KaicAnna,Regenerating the Earth One Local Node At The Time,BlockSplit
Mihajlo Srbakoski,https://www.linkedin.com/in/mihajlo-srbakoski/,Zero Knowledge Proofs – Implementation,BlockSplit
Nino Borović,,Solana State Compression – Building large-scale Web3 experiences at low cost,BlockSplit
Alen Šalamun,,Security Challenges Facing Blockchain Crypto Wallet Users,BlockSplit
Nicholas Hrboka,,Croatian Success Story: Strike Protocol by GDE + Koopi,BlockSplit
Tim Harris,https://twitter.com/timkoopi,Croatian Success Story: Strike Protocol by GDE + Koopi,BlockSplit
Daniel Ospina,https://twitter.com/_daniel_ospina,Swarms: How to reinvent entrepreneurship and DAOs to be both decentralised and effective,BlockSplit
Jantine Derksen,https://www.linkedin.com/in/jantinederksen/,From Creator Economy to Collaborative Economy,BlockSplit
Engn33r,https://twitter.com/bl4ckb1rd71,Context is EVERYTHING,BlockSplit
Maxim Andreev,https://twitter.com/cdump,EVMole: function selectors and arguments from bytecode,BlockSplit
Amanda Waliszewska,https://www.linkedin.com/in/amy-waliszewska/,Why ConcordiumBFT Matters: A Developer’s Perspective on Blockchain Consensus,BlockSplit
Amanda Waliszewska,https://www.linkedin.com/in/amy-waliszewska/,Kickstart Your Concordium Journey: Learn Smart Contracts with Concordium Academy,BlockSplit
Sam Richards,https://sociology.la.psu.edu/people/smr8/,The Promise of Blockchain Voting,BlockSplit
Sam Richards,https://sociology.la.psu.edu/people/smr8/,Privacy and Property: what is privacy in a digital age?,BlockSplit
Leonie R.,https://www.linkedin.com/in/leonie-raijmakers/,,BlockSplit
Manuel Olariu,,How to grow the DeSci ecosystem,BlockSplit
Tomaso Aste,https://www.linkedin.com/in/tomaso-aste-b767605/,,BlockSplit
Aouatef Khelloqi,https://www.linkedin.com/in/aouatef-khelloqi-3a9624161/,Harnessing Web3 to advance the Sustainable Development Goals (SDGs),BlockSplit
Veronica Kirin,https://twitter.com/vmkirin,AsteriskDAO: Rethinking Women’s Non-Reproductive Health,BlockSplit
Geoffrey Goodell,https://www.ucl.ac.uk/computer-science/people/mr-geoff-goodell,,BlockSplit
Philipp Koellinger,https://twitter.com/PKoellinger,Scientific Communities and Next Generation Journals on the DeSci Nodes Application.,BlockSplit
Laura Bosazzi,https://www.linkedin.com/in/laura-bosazzi-52897381/,"The Good, the Bad, and the Ugly of crypto UX",BlockSplit
Stacy Quackenbush,https://linkedin.com/in/stacy-quackenbush/,,BlockSplit
Emir Kurtovic,https://www.linkedin.com/in/kurtovicemir/,The Intersection of Blockchain and Gaming,BlockSplit
Domagoj Vuković,https://www.linkedin.com/in/dovukovic/,Vox Populi: Your Unsolicited Opinions on Brands & Web3 by IAB Croatia,BlockSplit
Ida Pandur,https://www.linkedin.com/in/idapandur/,Vox Populi: Your Unsolicited Opinions on Brands & Web3 by IAB Croatia,BlockSplit
Dunja Ivana Ballon,https://www.linkedin.com/in/dunja-ivana-ballon-a9964230/,Vox Populi: Your Unsolicited Opinions on Brands & Web3 by IAB Croatia,BlockSplit
Corina Dolghier,https://linkedin.com/in/corinad/,Brand Building 101,BlockSplit
Bharat Harbham,https://twitter.com/BH1991,MuseMatrix: Advancing DeSci through Community Collaboration,BlockSplit
Anamarija Begonja,,Overview of public goods funding models in web3,BlockSplit
Tomislav Mamić,,Funding media with public money,BlockSplit
Tomislav Mamić,,Digital Elections and Private Voting,BlockSplit
Raj Kumar Srivastava,,Digital Diplomacy and Democracy,BlockSplit
Ole Frijs-Madsen,,Digital Diplomacy and Democracy,BlockSplit
Jadrana Pilaš,,Why Croatia Is Becoming the Place to Register a Crypto Business in the EU,BlockSplit
Danny Santo,,Why Croatia Is Becoming the Place to Register a Crypto Business in the EU,BlockSplit
Nidhi Harihar,,Decentralized Outcome Funding for Investigative Reporting,BlockSplit
Ivan Piton,,Account Abstraction: Evolution of account ownership on Ethereum,BlockSplit
Jaša Srot,,How V4 DEXs Will Change Liquidity Providing & Yield Strategies,BlockSplit
John Lilic,,Fireside chat,BlockSplit
Jorge Cuartero,,"Restaking hype, fact or fiction",BlockSplit
Marko Jurina,,"Restaking hype, fact or fiction",BlockSplit
Leonie Raijmakers,,DeSci Nodes – FAIR digital research objects on an open protocol,BlockSplit
Geoff Goodell,,The Future of Money,BlockSplit
Luka Sučić,,Startup competition awards ceremony,BlockSplit
Tomislav Mamić,,Closing ceremony,BlockSplit
Luka Sučić,,Closing ceremony,BlockSplit
Dan Albert,,,breakpoint
Jeremy Allaire,,,breakpoint
Iggy Azalea,,,breakpoint
Arthur Cheong,,,breakpoint
Tarun Chitra,,,breakpoint
Caitlin Cook,,,breakpoint
Jose Fernandez da Ponte,,,breakpoint
Armani Ferrante,,,breakpoint
Avichal Garg,,,breakpoint
Raj Gokal,,,breakpoint
Jess Houlgrave,,,breakpoint
Cindy Leow,,,breakpoint
Joe McCann,,,breakpoint
Emily Meyers,,,breakpoint
Mert Mumtaz,,,breakpoint
Siong Ong,,,breakpoint
Santiago Roel Santos,,,breakpoint
Anthony Scaramucci,,,breakpoint
Swen Schaeferjohann,,,breakpoint
Cuy Sheffield,,,breakpoint
Eric Wall,,,breakpoint
Dovey Wan,,,breakpoint
Anatoly Yakovenko,,,breakpoint
Lily Liu,,,breakpoint
Hany Rashwan,,,breakpoint
Bin Chen,,,breakpoint
Luke Truitt,,,breakpoint
Ben Zhou,,,breakpoint
Mike Cahill,,,breakpoint
Vibhu Norby,,,breakpoint
Larisa Bardu,,,breakpoint
Ran Goldi,,,breakpoint
Stijn Paumen,,,breakpoint
Abhay Kumar,,,breakpoint
Corey Wright,,,breakpoint
Marius C.,,,breakpoint
Andrea Fortugno,,,breakpoint
Jason Lau,,,breakpoint
Paul Bohm,,,breakpoint
Ilja Moisejevs,,,breakpoint
Tristan Frizza,,,breakpoint
Dave Cunningham,,,breakpoint
Arnold Lee,,,breakpoint
Shane Molidor,,,breakpoint
Meow,,,breakpoint
Luca Franchi,,,breakpoint
Mike Hudack,,,breakpoint
Matthew Krak,,,breakpoint
Edgar Pavlovsky,,,breakpoint
Stephen Hess,,,breakpoint
Harry Dewhirst,,,breakpoint
Brianna Migliaccio,,,breakpoint
Nom,,,breakpoint
Austin Federa,,,breakpoint
Ben Sparango,,,breakpoint
Nick Ducoff,,,breakpoint
Kollan House,,,breakpoint
Rooter 0x,,,breakpoint
Kash Dhanda,,,breakpoint
Gal Sagie,,,breakpoint
Nicolas Pennie,,,breakpoint
Ahmad Shadid,,,breakpoint
Ansem,,,breakpoint
Mason Nystrom,,,breakpoint
Chris Wang,,,breakpoint
Joe van Loon,,,breakpoint
Christopher Jensen,,,breakpoint
Lucas Steuernagel,,,breakpoint
Loris Leiva,,,breakpoint
Mike Reed,,,breakpoint
Andrew Hong,,,breakpoint
Michael Cho,,,breakpoint
Malisha imprfekt,,,breakpoint
Emmett Hollyer,,,breakpoint
Anas Khader,,,breakpoint
Guillaume Chatain,,,breakpoint
Austin Adams,,,breakpoint
Ian Cummings,,,breakpoint
Brandon T,,,breakpoint
Ben Coverston,,,breakpoint
Shayon Sengupta,,,breakpoint
FA2,,,breakpoint
David Garrett,,,breakpoint
Marco Mahrus,,,breakpoint
Matt Stephenson,,,breakpoint
Kohji Nagata,,,breakpoint
Tristan Yver,,,breakpoint
Kevin Follonier,,,breakpoint
Cavey Cool,,,breakpoint
Dean Pappas,,,breakpoint
Sunny Aggarwal,,,breakpoint
Matt Sorg,,,breakpoint
James Zhang,,,breakpoint
Kevin Galler,,,breakpoint
Muneeb Ali,,,breakpoint
Joe Caulfield,,,breakpoint
Joel John,,,breakpoint
Paul Kohlhaas,,,breakpoint
Derek Chia,,,breakpoint
Daniel Lev,,,breakpoint
Viktor Fischer,,,breakpoint
Alex Scott,,,breakpoint
Liz A,,,breakpoint
Donnie Dinch,,,breakpoint
Paul Kohlhaas,,,breakpoint
Jeffrey Ling,,,breakpoint
Davis Hart,,,breakpoint
Ryan Day,,,breakpoint
Terry Chung,,,breakpoint
Zano Sherwani,,,breakpoint
Ben Chow,,,breakpoint
Stepan Simkin,,,breakpoint
Lucas Bruder,,,breakpoint
Chris Zhu,,,breakpoint
Tanner Philp,,,breakpoint
Nick Frostbutter,,,breakpoint
Joanna Zeng,,,breakpoint
Eno,,,breakpoint
Andreas Schmidhofer,,,breakpoint
Carlos Domingo,,,breakpoint
Leah Wald,,,breakpoint
Xoheb Shah,,,breakpoint
Andres Monty,,,breakpoint
Mike Dudas,,,breakpoint
Farhaj Mayan,,,breakpoint
Akshay BD,,,breakpoint
David Rhodes,,,breakpoint
Wei Zhou,,,breakpoint
Raagulan Pathy,,,breakpoint
David Lu,,,breakpoint
Tushar Jain,,,breakpoint
Zaki Manian,,,breakpoint
Yan Zhang,,,breakpoint
Yuan Gao,,,breakpoint
Bryan Johnson,,,breakpoint
Nadine Gisdon,,,breakpoint
Dr. Rebekka Revel,,,breakpoint
Brian Long,,,breakpoint
Alex Smirnov,,,breakpoint
Dan Reecer,,,breakpoint
Jack Lu,,,breakpoint
Jean Hérelle,,,breakpoint
Anna Yuan,,,breakpoint
Imran Khan,,,breakpoint
Sam Kang,,,breakpoint
Dev Bharel,,,breakpoint
Jason Li,,,breakpoint
Robert Chen,,,breakpoint
Cobe Zhang,,,breakpoint
Fred Sun,,,breakpoint
Robinson Burkey,,,breakpoint
Vijay Chetty,,,breakpoint
Jacob Everly,,,breakpoint
Erbil Karaman,,,breakpoint
Kha Nguyen,,,breakpoint
Michael Repetny,,,breakpoint
Rune Christensen,,,breakpoint
Nassim Eddequiouaq,,,breakpoint
Logan Jastremski,,,breakpoint
Sagar Dhawan,,,breakpoint
Sheraz Shere,,,breakpoint
Ahmad Abbasi,,,breakpoint
Brennan Gebotys,,,breakpoint
Luca Schnetzler,,,breakpoint
Scott Hague,,,breakpoint
Bartosz Lipinski,,,breakpoint
Hassan Ahmed,,,breakpoint
Jon Wong,,,breakpoint
Balaji Srinivasan,,,breakpoint
FP Lee,,,breakpoint
Eva Lawrence,,,breakpoint
Anthony Beaumont,,,breakpoint
Eomji Park,,,breakpoint
Alex Fazel,,,breakpoint
Preston Narchetti,,,breakpoint
Karam Lakshman,,,breakpoint
Mustafa Al-Bassam,,State of the Modular Union,modular summit
Mustafa Al-Bassam,,Fireside chat with Mustafa,modular summit
Laura Shin,,,modular summit
Anatoly Yakovenko,,,modular summit
Vitalik Buterin,,,modular summit
Stani Kulechov,,,modular summit
Tarun Chitra,,,modular summit
Ed Felten,,Stylus: Bringing the MultiVM to Arbitrum,modular summit
Tina Zhen,,,modular summit
Sandeep Nailwal,,The Age of Aggregation,modular summit
Anna Rose,,,modular summit
Keone Hon,,,modular summit
Eric Wall,,,modular summit
Ansem,,,modular summit
Mert,,,modular summit
Uma Roy,,How zkVMs are upgrading the modular stack,modular summit
Toghrul Maharramov,,,modular summit
Alex Gluchowski,,Elastic Chains,modular summit
Bartek Kiepuszewski,,,modular summit
Mark Tyneway,,Putting the Super in Superchain: OP Stack Interoperability,modular summit
Zaki Manian,,,modular summit
Shuyao Kong,,,modular summit
Patrick O'Grady,,Vryx: Fortifying Decoupled State Machine Replication,modular summit
James Prestwich,,Client Monogamy: Settle down and marry one already,modular summit
Hart Lambur,,,modular summit
Chris Goes,,,modular summit
Mike Ippolito,,,modular summit
Natalie Kubalova,,,modular summit
Yaz Khoury,,,modular summit
Eshita Nandini,,,modular summit
Ethan Buchman,,,modular summit
Vyas Krishnan,,,modular summit
Felix Lutsch,,,modular summit
Henry de Valence,,,modular summit
Andrew Huang,,,modular summit
Niraj Pant,,,modular summit
Marine,,,modular summit
Jelena Djuric,,,modular summit
Philipp Sippl,,,modular summit
Zon,,,modular summit
Scott Sunarto,,,modular summit
Abril Zucchi,,,modular summit
Sunny Aggarwal,,,modular summit
Liz Yang,,,modular summit
Norswap,,,modular summit
Anurag Arjun,,Unification: Solving L2 fragmentation with Avail,modular summit
Stephy Dunbar,,,modular summit
Brandon Kase,,,modular summit
Jon Kol,,,modular summit
Barry Plunkett,,,modular summit
Cem Ozer,,,modular summit
Laura Jaramillo,,,modular summit
Josh Bowen,,Blatantly Shilling Astria,modular summit
John Adler,,,modular summit
Ismail Khoffi,,Modular Expansion: The Celestia Technical Roadmap,modular summit
Bo Du,,,modular summit
Arjun Bhuptani,,,modular summit
Philipp Zentner,,,modular summit
Adrian Brink,,,modular summit
Karel Kubat,,,modular summit
Ismael Hishon-Rezaizadeh,,,modular summit
Chjango Unchained,,,modular summit
Nick White,,,modular summit
Jacob Arluck,,,modular summit
Rushi Manche,,Embracing Modularity: The Future of Blockchain Innovation,modular summit
Orkun Kilic,,,modular summit
Bunny,,,modular summit
Yarik,,,modular summit
Billy Rennekamp,,,modular summit
Mathijs van Esch,,Opening Statement,modular summit
Vincenzo Furcillo,,Ensuring Data Availability in Layer 2 Scaling Solutions: L2BEAT Risk Framework,modular summit
Prabal Banerjee,,Panel: The Future of Data Availability,modular summit
DinoEggs,,Blended Execution,modular summit
Mitya Argunov,,,modular summit
Victor Ionescu,,,modular summit
Felipe Argento,,,modular summit
Kenny Li,,,modular summit
Achilleas Sarantaris,,,modular summit
Jordan Oroshiba,,,modular summit
Nosleepjon,,,modular summit
Rich awtnmy,,,modular summit
Jana Bertam,,,modular summit
Mads Mathiessen,,,modular summit
Eugene Chen,,,modular summit
Larry Lyu,,Grug,modular summit
Dev Bear,,BeaconKit: A modular framework for building EVM consensus clients,modular summit
Azeem Khan,,,modular summit
Matthew Wang,,,modular summit
Mike Spain,,,modular summit
Paco,,,modular summit
Gjermund Garaba,,,modular summit
Shane Vitarana,,,modular summit
Hilmar Orth,,,modular summit
Evan Forbes,,,modular summit
JayB,,,modular summit
Simon Hudson,,,modular summit
Tarrence,,,modular summit
Lethe,,,modular summit
Andrea Fortugno,,,modular summit
Terry,,,modular summit
Jim Chang,,,modular summit
Rishabh Khurana,,,modular summit
Juri Stricker,,,modular summit
Nashqueue,,,modular summit
Connor O'Hara,,,modular summit
Tracy,,,modular summit
Shumo Chu,,,modular summit
Pratham Prasoon,,,modular summit
Gabriel Barros,,,modular summit
Yorke Rhodes,,,modular summit
Ben,,,modular summit
Brian Breslow,,,modular summit
Hector Roussille,,,modular summit
Daniel Olshansky,,,modular summit
Nitya Subramanian,,,modular summit
Callum Waters,,,modular summit
Mariano Cortesi,,,modular summit
John DiBernardi,,,modular summit
Harry Halpin,,,modular summit
Griffin Dunaif,,,modular summit
Alexander Mangel,,,modular summit
Daniel,,,modular summit
Joe Coll,,,modular summit
Tobias Schreier,,,modular summit
Jessica Gaubert,,,modular summit
Kai Tiurin,,,modular summit
Ben Rodriguez,,,modular summit
Baz,,,modular summit
Anil Kumar,,,modular summit
Andra Fecioru,,,modular summit
João Garcia,,,modular summit
Lavysh Alexander,,,modular summit
Josh Stein,,,modular summit
Swen Schaeferjohann,,,modular summit
Andrew Lloyd,,,modular summit
Ben Goebel,,,modular summit
Rex Kirshner,,,modular summit
Stan L,,,modular summit
Diego Ferrer,,,modular summit
Berny,,,modular summit
Viet,,,modular summit
Harvey,,,modular summit
Misha Putiatin,,,modular summit
Ryan Quinn Ford,,,modular summit
Jesse,,,modular summit
David Feiock,,,modular summit
Rena Shah,,,modular summit
Andy,,,modular summit
Vishal Talasani,,,modular summit
Nikita Ovchinnik,,,modular summit
Sam Hart,,,modular summit
Peyman Momeni,,,modular summit
Vijay Chetty,,,modular summit
Steven Li,,,modular summit
Antoni Pawlak,,,modular summit
Florent Tavernier,,,modular summit
Aayush Gupta,,,modular summit
Namik Muduroglu,,WTF IS A REAL-TIME BLOCKCHAIN,modular summit
Bram Van Roelen,,,modular summit
Nima Vaziri,,,modular summit
Ben Fisch,,,modular summit
113,,,modular summit
